{
  "Products": [
    {
      "product_id": "1",
      "product_name": "smartphone",
      "category": "mobile",
      " image_Url": "https://www.ubuy.co.in/productimg/?image=aHR0cHM6Ly9pbWFnZXMtY2RuLnVidXkuY28uaW4vNjM0ZDAzMWRiYThmZTYyM2I0Nzg5M2NjLXNtYXJ0LXBob25lLWFuZHJvaWQtOC0xLXNtYXJ0cGhvbmUtaGQuanBn.jpg",
      "description": "weeertyhjjj",
      " price": "20k"
    },
    {
      "product_id": "2",
      "product_name": "smartphone",
      "category": "mobile",
      " image_Url": "",
      "description": "https://www.ubuy.co.in/productimg/?image=aHR0cHM6Ly9pbWFnZXMtY2RuLnVidXkuY28uaW4vNjM0ZDAzMWRiYThmZTYyM2I0Nzg5M2NjLXNtYXJ0LXBob25lLWFuZHJvaWQtOC0xLXNtYXJ0cGhvbmUtaGQuanBn.jpg",
      " price": "20k"
    },
    {
      "id": "3",
      "product_name": "dxgfhgj",
      "category": "dszdfgfh",
      "image_Url": "sdfgfh",
      "description": "etygy",
      "price": "df"
    }
  ],
  "Category": [],
  "history": []
}